%_F,DESCRIPTION,VALID
!,X and U apply,V
#,Both U and L flags apply,V
$,L and U apply,V
&,Ambient concentration data measured/collected coincident with data flagged A,V
<,Missing < 25% of hourly sampling period,V
A,Anomalous value resulting from local anthropogenic activity,V
I,Invalid chemistry data and/or less than 75% valid flow data,I
L,Less than 90% but greater than or equal to 75% valid flow data,V
M,Missing or completely invalid flow data,I
N,Sample not analyzed,I
NULL,Valid data,V
R,Re-run value used in calculation,V
S,Both L and R flags apply,V
U,Undetected - value listed is the reporting limit corrected by flow volume,V
X,Data suspect due to impregnation solution,V
