COMMENT_CODES,DESCRIPTION,VALID
01,Unidentified debris/particles on filter,""
02,Torn;hole;ripped filter noted during unpacking,""
03,Excessively wet filter noted upon unpacking,""
04,Excessively dirty filter noted upon unpacking,""
05,"Filter pack loose upon arrival, possible leakage during sample period",""
06,Apparent solenoid problem,""
07,Filter pack end caps cracked/missing upon receipt,""
08,Outside of filter pack excessively dirty upon receipt,""
09,"Support screen raised up, noted during unpacking",""
10,Insect inside filter pack; noted during unpacking,""
11,Laboratory accident,""
12,Filter pack on tower for less than 6 or greater than 8 days,""
13,Filter pack not run in field,""
14,Unusual odor noticed during unpacking,""
15,Low extraction efficiency off filter,""
16,On/off dates and times are assumed,""
17,Filter given to EPA for analysis,""
18,Field accident or error,""
19,Field equipment problem,""
20,Filter used for special study,""
21,Forest fire/agricultural activity in area,""
22,Site closed,""
23,Sample report form not received with filter pack,""
24,Chain of custody incomplete or incorrect,""
25,Filter pack run out of sequence,""
26,"Suspect value, but reason not recorded",""
28,SO2 concentration adjusted due to positive bias introduced by faulty cellulose filter impregnation solution,""
G,Prefix indicating that the numeric code immediately following applies to all analyses of the sample.,""
N,Prefix indicating that the numeric code immediately following applies to the Nylon filter analysis,""
T,Prefix indicating that the numeric code immediately following applies to the Teflon filter analysis,""
W,Prefix indicating that the numeric code immediately following applies to the Whatman filter analysis,""
