TEMP_SOURCE,DESCRIPTION,VALID
mo,Mean temp for month-year as determined by sample midpoint used in conv factor - secondary source,""
na,No valid mean temperature is available for sample and therefore conversion was not performed,""
sa,Mean temperature for sample period used in conv factor - primary source,""
se,Mean temp for season-year as determined by sample midpoint used in conv factor - quaternary source,""
wk,Historical weekly mean temp as determined by sample midpoint used in conv factor - tertiary source,""
