,SITE_ID,DATEON,TOTAL_NO3
0,CON186,2003-08-26,7.158215263686618
1,CON186,2004-04-27,3.3018579454906476
2,CON186,2004-07-27,5.257164618440012
3,CON186,2007-12-18,0.7649064903129581
4,CON186,2010-10-12,0.9253553802884256
5,CON186,2010-12-07,0.2010556915580024
6,CON186,2010-12-14,1.062301726536287
7,DEV412,2003-08-26,2.055888564672323
8,DEV412,2003-11-12,2.050508175891385
9,DEV412,2004-08-03,2.459968136217352
10,DEV412,2004-08-10,1.5458794690665538
11,DEV412,2005-01-25,1.986623355855839
12,DEV412,2005-05-10,1.1733050199411483
13,DEV412,2007-07-11,2.5208204128166187
14,DEV412,2007-10-09,1.4509744183399795
15,JOT403,2003-08-19,3.720526003308835
16,JOT403,2003-08-26,5.398235940838967
17,JOT403,2004-03-17,3.182514406959206
18,JOT403,2004-08-24,2.478451873792236
19,JOT403,2005-11-29,2.935880465875554
20,JOT403,2007-09-04,3.4782582194492146
21,JOT403,2007-10-16,2.827637838577162
22,JOT403,2007-11-06,2.660302923808755
23,JOT403,2008-03-11,3.5857586576886864
24,JOT403,2008-05-06,4.733083073559019
25,JOT403,2008-06-03,2.974074502763331
26,JOT403,2008-06-18,3.399625903094261
27,JOT403,2008-08-05,4.816206329474694
28,JOT403,2008-09-09,3.246749602614234
29,JOT403,2008-10-15,1.7800522836814472
30,JOT403,2009-01-22,1.9888974066358127
31,JOT403,2009-04-14,1.304092717782921
32,JOT403,2009-10-07,3.7499115752933205
33,JOT403,2010-06-08,2.7193668831566695
34,JOT403,2010-06-22,2.8501335126889416
35,JOT403,2010-11-23,0.9594423087871116
36,JOT403,2010-12-14,1.56741637540847
37,JOT403,2011-07-12,2.5535891846641694
38,JOT403,2011-11-15,2.7793373158203964
39,JOT403,2011-11-22,1.4617793524881788
40,JOT403,2012-07-03,2.832283021602159
41,JOT403,2012-07-11,2.503593207400396
42,JOT403,2012-09-04,2.639615582521067
43,JOT403,2012-12-18,1.039474403352088
44,JOT403,2013-07-09,4.49020944654557
45,JOT403,2013-07-16,3.6141672853384694
46,JOT403,2013-07-30,2.4368014439582204
47,JOT403,2013-08-09,2.5658770391968355
48,JOT403,2013-09-24,2.3649320954557833
49,JOT403,2013-10-01,1.5565479076180564
50,JOT403,2014-03-04,2.0692024540585403
51,JOT403,2014-03-18,2.2398450390154165
52,JOT403,2014-04-01,1.5317639260671976
53,JOT403,2014-04-29,1.1915828795927028
54,JOT403,2014-05-06,3.199468668687309
55,JOT403,2014-05-13,1.9571672771060669
56,JOT403,2014-05-20,3.1122773443384126
57,JOT403,2014-07-08,2.9704940191013374
58,JOT403,2014-07-15,2.9465999881602745
59,JOT403,2014-07-29,3.1753446115986375
60,JOT403,2014-08-12,2.4998259296112897
61,JOT403,2014-08-19,2.040683416339052
62,JOT403,2014-09-02,2.380475864921044
63,JOT403,2014-09-09,2.6121279715459136
64,JOT403,2014-09-23,2.3333559728348723
65,JOT403,2014-09-30,1.5533797208775102
66,JOT403,2014-10-28,1.2796284258918211
67,JOT403,2014-11-12,2.5215985154732175
68,JOT403,2014-11-19,1.6291792462284476
69,JOT403,2014-12-01,1.971744656140801
70,JOT403,2014-12-16,1.926651830274033
71,JOT403,2014-12-30,1.3665895449438237
72,JOT403,2015-01-20,0.4853410469135838
73,JOT403,2015-01-27,0.9312566568253524
74,JOT403,2015-02-17,2.514501556755728
75,JOT403,2015-03-24,1.5645924907608828
76,JOT403,2015-03-31,2.706486342677124
77,JOT403,2015-04-14,1.9922147294389994
78,JOT403,2015-05-05,2.62194305684881
79,JOT403,2015-05-12,2.512589611149745
80,JOT403,2015-05-26,3.4396294501244244
81,JOT403,2015-06-03,2.8656322058499426
82,JOT403,2015-06-09,2.606279262647445
83,JOT403,2015-06-16,2.986683115474583
84,JOT403,2015-07-07,2.6039098450296665
85,JOT403,2015-07-21,3.3251491717668555
86,JOT403,2015-08-13,3.244926224508135
87,JOT403,2015-08-25,3.083922257122086
88,JOT403,2015-09-08,1.4688328915562927
89,JOT403,2015-10-06,1.3013131281922716
90,JOT403,2015-10-13,1.3710378815768371
91,JOT403,2015-11-03,1.0051373099590082
92,JOT403,2015-11-10,0.7864267501513297
93,JOT403,2015-12-01,0.8401509181130886
94,JOT403,2016-01-12,1.841556434300609
95,JOT403,2016-03-08,1.3613041850539216
96,JOT403,2016-03-15,2.243182436451417
97,JOT403,2016-03-22,1.5213369631949227
98,JOT403,2016-03-29,1.6254742874256214
99,JOT403,2016-04-26,1.9864430955474184
100,JOT403,2016-05-03,1.642484000046239
101,JOT403,2016-05-10,2.193294115204199
102,JOT403,2016-05-17,1.4822554080197219
103,JOT403,2016-05-24,2.6810808959832344
104,JOT403,2016-05-31,2.4546876294620024
105,JOT403,2016-06-07,3.238269547262165
106,JOT403,2016-06-14,2.0387607674441304
107,JOT403,2016-06-21,3.4974182652663415
108,JOT403,2016-06-28,2.809449976601769
109,JOT403,2016-07-26,3.4284847257013054
110,JOT403,2016-08-02,2.981687000284559
111,JOT403,2016-08-09,2.1533349783894122
112,JOT403,2016-09-20,1.565430256004473
113,JOT403,2016-10-04,2.0266650105346473
114,JOT403,2016-10-25,1.4573505011594348
115,JOT403,2016-11-01,1.2053362187364958
116,JOT403,2016-11-15,0.9923109018597132
117,JOT403,2016-11-29,1.1677174729876403
118,JOT403,2016-12-20,0.9828325731028803
119,JOT403,2016-12-27,0.8552863486601091
120,JOT403,2017-01-03,0.7824275692178342
121,JOT403,2017-01-31,1.5469977026630026
122,JOT403,2017-03-07,1.256905594668827
123,JOT403,2017-03-28,1.3610595816071138
124,JOT403,2017-04-04,1.6145257198590488
125,JOT403,2017-04-11,1.9682584627249775
126,JOT403,2017-05-02,1.773756951555273
127,JOT403,2017-05-09,2.5713062913954907
128,JOT403,2017-06-13,2.519228418191436
129,JOT403,2017-07-18,4.320308711394022
130,JOT403,2017-07-25,3.4285546353259817
131,JOT403,2017-08-01,2.7943977439356757
132,JOT403,2017-09-05,1.948088929456734
133,JOT403,2017-09-12,2.229716853971369
134,JOT403,2017-09-26,2.0833109649980512
135,JOT403,2017-10-24,1.6613942110920532
136,JOT403,2017-11-28,1.6857172454440263
137,JOT403,2017-12-26,1.3429226730322328
138,JOT403,2018-02-20,1.5290991618646101
139,JOT403,2018-03-06,1.7513748509303548
140,JOT403,2018-03-20,1.1104595650515154
141,JOT403,2018-03-27,0.1594534283114475
142,JOT403,2018-04-17,1.6295182565947195
143,JOT403,2018-05-08,2.8188982662077917
144,JOT403,2018-05-15,1.9846430560985393
145,JOT403,2018-05-22,2.699810254209946
146,JOT403,2018-05-29,2.552722722712557
147,JOT403,2018-06-19,2.9947717826993716
148,JOT403,2018-07-03,2.3693684883220234
149,JOT403,2018-07-10,3.599768571391544
150,JOT403,2018-07-17,3.0824570484536387
151,JOT403,2018-07-24,3.3744977343336897
152,JOT403,2018-08-14,4.1107389472133224
153,JOT403,2018-08-21,3.231389101631364
154,JOT403,2018-08-28,2.757071532818979
155,JOT403,2018-09-04,1.718015328913388
156,JOT403,2018-09-25,1.467468247519003
157,JOT403,2018-11-06,1.7863717753864354
158,JOT403,2018-11-13,1.8791253762260673
159,JOT403,2018-11-20,1.4146035528035148
160,JOT403,2018-11-27,1.6471633720236811
161,JOT403,2019-01-29,1.0728930250762865
162,JOT403,2019-04-02,1.6222666886524704
163,JOT403,2019-04-09,1.4525081086350566
164,JOT403,2019-04-16,1.0495331851464684
165,JOT403,2019-04-23,1.5023647261126836
166,JOT403,2019-04-30,2.314388359822929
167,JOT403,2019-05-07,1.6207952600861606
168,JOT403,2019-06-11,2.189871752457857
169,JOT403,2019-06-18,2.270689703921153
170,JOT403,2019-06-25,2.1378027972878337
171,JOT403,2019-07-02,2.743368110741543
172,JOT403,2019-07-16,1.8366060528146393
173,JOT403,2019-07-31,2.107571956612751
174,JOT403,2019-09-03,2.838029475362375
175,JOT403,2019-09-10,1.4914467051461933
176,JOT403,2019-10-22,1.0579631794613258
177,JOT403,2019-10-29,1.0264055432072383
178,JOT403,2019-11-26,0.8957205811872079
179,JOT403,2020-01-07,2.182027048524704
180,JOT403,2020-01-21,1.4874727659266844
181,JOT403,2020-01-28,1.012885290257933
182,JOT403,2020-02-04,1.194964022505578
183,JOT403,2020-02-25,0.6321471024183601
184,JOT403,2020-04-28,1.8535736148697
185,JOT403,2020-05-05,1.9087869959973425
186,JOT403,2020-05-12,2.0525313608385494
187,JOT403,2020-06-02,1.7902478671009612
188,JOT403,2020-06-09,1.5361590183116423
189,JOT403,2020-06-16,2.478584026678606
190,JOT403,2020-07-14,1.1592178431941795
191,JOT403,2020-07-21,2.1229300175985792
192,LAV410,2003-12-23,0.09857804634161571
193,LAV410,2004-01-28,0.19784176379244522
194,LAV410,2004-03-23,0.5217506995064889
195,LAV410,2004-04-01,0.9725594111311839
196,LAV410,2004-10-25,0.1952386808458202
197,LAV410,2005-02-15,0.20621856249210602
198,LAV410,2005-05-31,0.2986512464464457
199,LAV410,2006-04-25,0.5339086661125962
200,LAV410,2007-02-28,0.20924985547107222
201,LAV410,2007-03-13,0.27025316596032045
202,LAV410,2007-03-21,0.26624427304716236
203,LAV410,2007-07-10,0.9696101736345872
204,LAV410,2007-09-04,1.0895903310539885
205,LAV410,2008-03-12,0.14871767065857022
206,LAV410,2008-06-18,0.6636873010236813
207,LAV410,2008-06-24,2.432919349544494
208,LAV410,2008-08-19,0.6704918010856407
209,LAV410,2009-01-20,0.08796323808945417
210,LAV410,2009-07-14,0.7764617736265984
211,LAV410,2009-08-04,0.6623038500845198
212,LAV410,2009-10-27,0.4492256033764057
213,LAV410,2010-02-23,0.13538625463316145
214,LAV410,2010-03-02,0.11124046075129757
215,LAV410,2010-04-20,0.14983314413098348
216,LAV410,2010-06-22,0.5796425046106843
217,LAV410,2010-09-14,0.4086020136066215
218,LAV410,2010-09-21,0.4169273495909269
219,LAV410,2010-12-07,0.014466045108411318
220,LAV410,2011-02-15,0.12700018650243972
221,LAV410,2011-02-23,0.314976318576734
222,LAV410,2011-03-01,0.03943537499614247
223,LAV410,2011-03-22,0.14344754704486662
224,LAV410,2011-05-17,0.5456236906393881
225,LAV410,2011-07-12,0.6546400149541243
226,LAV410,2011-11-02,0.4606806322573178
227,LAV410,2011-11-29,0.2833912684769828
228,LAV410,2011-12-27,0.11414841737985659
229,LAV410,2012-01-17,0.13964053681149435
230,LAV410,2012-03-06,0.15005608329796782
231,LAV410,2012-04-10,0.20362707143712644
232,LAV410,2012-04-17,0.2561906879649345
233,LAV410,2012-04-24,0.2848483225328149
234,LAV410,2012-06-12,0.21488813146623742
235,LAV410,2012-08-14,1.8480469252624245
236,LAV410,2012-10-09,0.4650409005022387
237,LAV410,2012-11-20,0.06396163221343532
238,LAV410,2013-03-26,0.04796913622590515
239,LAV410,2013-05-07,0.3828848880833917
240,LAV410,2013-05-14,0.37267618459419705
241,LAV410,2013-06-04,0.18409617830087144
242,LAV410,2013-06-18,0.10674685052649346
243,LAV410,2013-06-25,0.21171740977568665
244,LAV410,2013-08-06,0.6693517850559948
245,LAV410,2013-08-20,0.5873229332369261
246,LAV410,2013-09-30,0.12998860261618028
247,LAV410,2013-11-05,0.3709514235965734
248,LAV410,2013-11-26,0.058166691310106655
249,LAV410,2013-12-31,0.07988367101815141
250,LAV410,2014-02-11,0.13590966784677105
251,LAV410,2014-03-18,0.3144593565176448
252,LAV410,2014-03-25,0.09670138358562919
253,LAV410,2014-04-15,0.42977234389533514
254,LAV410,2014-05-13,0.2768833013856713
255,LAV410,2014-05-27,0.6340900215899599
256,LAV410,2014-06-03,0.4949478669970142
257,LAV410,2014-06-24,0.339576996057245
258,LAV410,2014-07-01,0.6221273812540307
259,LAV410,2014-08-05,1.1084418628048116
260,LAV410,2014-08-12,0.6069047093609814
261,LAV410,2014-08-19,0.896136075438641
262,LAV410,2014-08-26,0.6602036330315151
263,LAV410,2014-09-02,0.6604118594431845
264,LAV410,2014-09-09,0.7391772752055145
265,LAV410,2014-09-16,0.8328377329109822
266,LAV410,2014-09-23,0.3255782461375074
267,LAV410,2014-10-01,0.019161723019106125
268,LAV410,2014-10-14,0.5705659170834367
269,LAV410,2014-10-28,0.14718183140736651
270,LAV410,2014-11-04,0.17978147231966646
271,LAV410,2014-11-12,0.17213433862508665
272,LAV410,2014-12-23,0.09095577099073093
273,LAV410,2015-01-13,-0.0009795728861761166
274,LAV410,2015-01-27,0.22342179149879415
275,LAV410,2015-03-10,0.30299849396676026
276,LAV410,2015-04-07,0.27417236302252523
277,LAV410,2015-04-14,0.21808442396831973
278,LAV410,2015-04-21,0.5949433637561423
279,LAV410,2015-04-28,0.7943858135854368
280,LAV410,2015-05-05,0.5001708451246734
281,LAV410,2015-05-19,0.5504365681353387
282,LAV410,2015-05-26,0.5069396574565272
283,LAV410,2015-06-16,0.8482260116199634
284,LAV410,2015-07-14,0.6544682285458874
285,LAV410,2015-08-04,1.1220198206629972
286,LAV410,2015-08-11,0.48630937782394357
287,LAV410,2015-08-18,1.6186469733343727
288,LAV410,2015-08-25,0.32358231281137484
289,LAV410,2015-09-22,0.5175968003225218
290,LAV410,2015-10-06,0.5630593154626253
291,LAV410,2015-10-14,0.30106055424000067
292,LAV410,2015-10-20,0.04284843499985147
293,LAV410,2015-10-27,0.03488376836474716
294,LAV410,2015-11-03,0.08789689598005257
295,LAV410,2015-12-01,0.05401984935793691
296,LAV410,2015-12-07,0.04238858221976005
297,LAV410,2015-12-15,0.019440002304849102
298,LAV410,2015-12-29,0.3462289717541611
299,LAV410,2016-01-05,0.058929252751147354
300,LAV410,2016-01-26,0.04427177925962544
301,LAV410,2016-02-02,-0.0033066965403387716
302,LAV410,2016-02-09,-0.05039792722369474
303,LAV410,2016-03-08,0.01276268670281544
304,LAV410,2016-03-15,0.08154358724132704
305,LAV410,2016-03-29,0.9545166853280536
306,LAV410,2016-04-05,0.16098479433795343
307,LAV410,2016-04-19,0.28745210821234735
308,LAV410,2016-05-03,0.22783234922924023
309,LAV410,2016-05-31,0.3161897147454038
310,LAV410,2016-07-05,0.5951991690252588
311,LAV410,2016-07-19,0.3188135248282542
312,LAV410,2016-08-23,0.6496271865897723
313,LAV410,2016-08-30,0.5727972146647121
314,LAV410,2016-09-06,0.3827127535699779
315,LAV410,2016-09-13,0.7018484536073293
316,LAV410,2016-09-20,0.22990782073649418
317,LAV410,2016-09-26,0.2640672171743075
318,LAV410,2016-10-04,0.22385537268353595
319,LAV410,2016-10-18,0.23216597423054952
320,LAV410,2016-10-25,0.19633591383065152
321,LAV410,2016-11-16,0.21796262980623027
322,LAV410,2016-11-29,0.07222608993632162
323,LAV410,2016-12-20,0.0520154414385825
324,LAV410,2017-01-17,0.035561693609997835
325,LAV410,2017-01-31,0.10090963574175493
326,LAV410,2017-02-14,0.014273212237666533
327,LAV410,2017-03-14,0.24206166714344746
328,LAV410,2017-04-04,0.21741252448770054
329,LAV410,2017-04-18,0.27916148994873846
330,LAV410,2017-05-02,0.1858466914718495
331,LAV410,2017-05-09,0.4276387183126349
332,LAV410,2017-06-06,0.1919931981509473
333,LAV410,2017-07-05,0.33748346058245837
334,LAV410,2017-07-11,0.7992657399750039
335,LAV410,2017-08-15,0.9291774407971247
336,LAV410,2017-09-12,1.0366102346226382
337,LAV410,2017-09-26,0.21415797374128442
338,LAV410,2017-11-28,0.10043321310530962
339,LAV410,2018-01-02,0.08190973681544422
340,LAV410,2018-06-26,0.5195981991971619
341,LAV410,2018-07-03,0.4582602154082487
342,LAV410,2018-07-10,0.5320463940924072
343,LAV410,2018-07-17,0.9098738418042811
344,LAV410,2018-07-24,1.4429391838046195
345,LAV410,2018-08-07,1.8451234514681056
346,LAV410,2018-08-14,1.3641185107018943
347,LAV410,2018-08-21,1.506910815239402
348,LAV410,2018-08-28,0.8277148826096907
349,LAV410,2018-09-25,0.5151246229720674
350,LAV410,2018-10-02,0.037173356779162114
351,LAV410,2018-10-23,1.078708424878192
352,LAV410,2018-10-30,-0.028225066860850356
353,LAV410,2018-11-06,0.07906345537393755
354,LAV410,2018-12-11,0.06721139388737507
355,LAV410,2019-03-05,0.053779522367232824
356,LAV410,2019-03-12,0.10361010612682264
357,LAV410,2019-04-09,0.059999244173473576
358,LAV410,2019-04-23,0.45794255006265727
359,LAV410,2019-07-09,0.33120726786958965
360,LAV410,2019-07-30,0.7698359416422682
361,LAV410,2019-09-03,0.411126374438213
362,LAV410,2019-10-01,0.10771690187391059
363,LAV410,2019-10-15,0.1884982155872843
364,LAV410,2019-11-05,-0.022769943795068137
365,LAV410,2019-11-12,0.24635200627031129
366,LAV410,2019-12-17,0.07658453266428467
367,LAV410,2019-12-24,0.19896661264595572
368,LAV410,2019-12-31,0.09649935276464272
369,LAV410,2020-01-07,0.099507352119385
370,LAV410,2020-01-14,0.09012839158844455
371,LAV410,2020-01-21,0.017237466399126156
372,LAV410,2020-02-26,0.43249564545071784
373,LAV410,2020-03-03,0.30631637322799454
374,LAV410,2020-03-18,0.16646474611749107
375,LAV410,2020-04-07,0.20397411890191042
376,LAV410,2020-04-21,0.16383955010014217
377,LAV410,2020-04-28,0.26669567074996614
378,LAV410,2020-05-20,0.05675220342532494
379,LAV410,2020-05-26,0.2892346849329772
380,LAV410,2020-06-02,0.39970326154075986
381,LAV410,2020-06-09,0.07409053904248997
382,LAV410,2020-06-23,0.4046862457851872
383,PIN414,2004-02-24,0.7690302371017037
384,PIN414,2005-09-27,2.6252318089634263
385,PIN414,2005-10-04,1.770190918773088
386,PIN414,2005-11-08,2.980082217051768
387,PIN414,2007-09-04,3.6908724714000853
388,PIN414,2008-01-02,0.7392034492460645
389,PIN414,2008-06-10,2.9551488146261224
390,PIN414,2008-06-24,3.924763978859192
391,PIN414,2008-07-01,2.132752512682232
392,PIN414,2008-07-08,3.804432422386715
393,PIN414,2008-09-30,1.8384274263104
394,PIN414,2009-06-02,1.1081722858653529
395,PIN414,2009-06-16,1.5875959857890163
396,PIN414,2009-08-18,2.4028755055176476
397,PIN414,2009-08-25,1.6245660278997984
398,PIN414,2009-10-06,2.0897398454655702
399,PIN414,2009-12-15,0.6358235053859072
400,PIN414,2010-08-10,1.5153497280066093
401,PIN414,2010-12-07,0.8770161930775361
402,PIN414,2011-01-18,1.304868321537917
403,PIN414,2011-03-08,1.6854098428041215
404,PIN414,2011-03-22,0.5996714533103957
405,PIN414,2011-08-16,1.3866859903076756
406,PIN414,2011-08-23,1.3316840138176835
407,PIN414,2011-09-06,1.9653890207689213
408,PIN414,2011-09-27,1.730747956843817
409,PIN414,2011-11-01,0.7825392111576379
410,PIN414,2011-11-15,1.2154250044581718
411,PIN414,2011-11-22,0.9367889488172911
412,PIN414,2011-12-06,2.853239351991833
413,PIN414,2011-12-13,2.1594886827759865
414,PIN414,2012-01-24,2.0975503578357455
415,PIN414,2012-02-07,0.7285827708134914
416,PIN414,2012-05-22,1.2371833957654228
417,PIN414,2012-05-29,1.7928324614078843
418,PIN414,2012-10-09,1.6697829116881207
419,PIN414,2012-11-27,0.4851695014815296
420,PIN414,2012-12-04,0.746288811604458
421,PIN414,2013-01-29,2.351696855877954
422,PIN414,2013-03-19,1.3431567156603623
423,PIN414,2013-03-26,0.6011682783015051
424,PIN414,2013-06-18,0.8968419600790869
425,PIN414,2013-09-10,1.9828254892239026
426,PIN414,2013-12-24,0.9703077678521546
427,PIN414,2013-12-31,2.430859109044515
428,PIN414,2014-01-21,2.3258987388809165
429,PIN414,2014-02-11,1.7537986893677575
430,PIN414,2014-03-04,1.305684578103076
431,PIN414,2014-03-11,1.3173888074323246
432,PIN414,2014-03-25,0.5883240819264937
433,PIN414,2014-04-01,0.9834647016312009
434,PIN414,2014-04-08,1.9035259312715016
435,PIN414,2014-04-15,2.3401717543625455
436,PIN414,2014-05-13,1.2387181042662616
437,PIN414,2014-06-03,2.265112685342064
438,PIN414,2014-07-01,1.4760022346044608
439,PIN414,2014-08-05,2.243734627271933
440,PIN414,2014-08-12,1.1032465566796683
441,PIN414,2014-09-16,2.0092517631696305
442,PIN414,2014-09-23,1.5704244507725906
443,PIN414,2014-09-30,1.182380927681868
444,PIN414,2014-10-21,1.6460919382844665
445,PIN414,2014-11-04,2.0316166481663784
446,PIN414,2014-11-11,1.6539281944316162
447,PIN414,2014-11-18,0.7880981507472193
448,PIN414,2014-12-02,0.6221307040796706
449,PIN414,2014-12-09,1.2235269804184354
450,PIN414,2015-01-13,1.2694280783325433
451,PIN414,2015-02-03,0.7025928861932318
452,PIN414,2015-02-10,0.806507011778266
453,PIN414,2015-03-03,1.5276649359648042
454,PIN414,2015-03-10,1.4734404631565756
455,PIN414,2015-03-17,1.3595790259293816
456,PIN414,2015-03-31,0.9695515571753742
457,PIN414,2015-04-07,1.0498346423806693
458,PIN414,2015-04-21,1.4107412657884146
459,PIN414,2015-05-12,0.7436712638641293
460,PIN414,2015-05-19,0.9597794425424975
461,PIN414,2015-06-16,2.0498162694385593
462,PIN414,2015-07-07,1.1827258885665832
463,PIN414,2015-07-14,1.291747334632376
464,PIN414,2015-07-21,1.6658826780632525
465,PIN414,2015-08-04,1.55952479123356
466,PIN414,2015-08-11,1.8256533696380126
467,PIN414,2015-08-18,2.689440087686023
468,PIN414,2015-08-25,0.9480238397116583
469,PIN414,2015-09-15,1.2683108859925905
470,PIN414,2015-09-29,1.818384897951289
471,PIN414,2015-10-13,1.6823556839901523
472,PIN414,2015-10-20,2.3154009876015955
473,PIN414,2015-10-27,1.5768899296791412
474,PIN414,2015-11-03,1.1514773242506018
475,PIN414,2015-11-17,1.5832894248619214
476,PIN414,2016-01-05,0.5461223188237079
477,PIN414,2016-01-12,0.3435730868911293
478,PIN414,2016-01-26,0.4876591623189437
479,PIN414,2016-02-02,0.4406022609809319
480,PIN414,2016-02-16,0.8048283349194586
481,PIN414,2016-03-15,0.8349092453644504
482,PIN414,2016-03-22,0.9967987150964064
483,PIN414,2016-04-12,0.9497777708763699
484,PIN414,2016-04-26,1.0687449513128677
485,PIN414,2016-05-10,1.644002665217725
486,PIN414,2016-05-31,0.9960387590470212
487,PIN414,2016-06-14,0.8056317063344454
488,PIN414,2016-06-28,1.9421921015755392
489,PIN414,2016-07-19,1.8328931619834175
490,PIN414,2016-08-16,1.5777629237630957
491,PIN414,2016-08-30,1.1443550193401717
492,PIN414,2016-09-06,2.1773079037885537
493,PIN414,2016-09-13,2.0982656568440388
494,PIN414,2016-10-04,1.3451396605388624
495,PIN414,2016-10-18,1.446965185641237
496,PIN414,2016-11-01,1.2905872210690248
497,PIN414,2016-11-29,1.558463449630953
498,PIN414,2016-12-06,0.8559661004399385
499,PIN414,2016-12-13,0.3250702261595151
500,PIN414,2016-12-20,0.4083031445628955
501,PIN414,2017-01-03,0.3572686232338347
502,PIN414,2017-01-10,0.5851104159374279
503,PIN414,2017-01-31,0.2603267213644762
504,PIN414,2017-02-07,0.43699136398726646
505,PIN414,2017-02-14,0.0813431065841721
506,PIN414,2017-03-14,1.04748512868699
507,PIN414,2017-03-28,1.5094177919044434
508,PIN414,2017-04-04,1.281188898200687
509,PIN414,2017-04-11,0.7212226717598795
510,PIN414,2017-04-18,1.117538495159637
511,PIN414,2017-05-09,0.9930123772440331
512,PIN414,2017-06-06,1.105123313736443
513,PIN414,2017-06-20,1.831323649236843
514,PIN414,2017-07-05,1.3691377292193447
515,PIN414,2017-08-29,2.420204108564998
516,PIN414,2017-09-05,2.0577011952448405
517,PIN414,2017-09-12,1.7123404418511932
518,PIN414,2017-09-26,1.3434762209484836
519,PIN414,2017-10-03,1.4217184133787901
520,PIN414,2017-10-17,1.5721636579254716
521,PIN414,2017-10-31,1.3124283688153044
522,PIN414,2017-11-21,1.0818037020298459
523,PIN414,2017-11-28,1.0439215804319475
524,PIN414,2018-02-06,0.7554062672010462
525,PIN414,2018-02-13,0.5864367649876165
526,PIN414,2018-03-06,0.6615135573759855
527,PIN414,2018-03-13,0.32966115990724787
528,PIN414,2018-04-10,0.7267830027861452
529,PIN414,2018-04-17,1.3147654958404766
530,PIN414,2018-05-01,1.570125822678395
531,PIN414,2018-05-22,0.9888533405429749
532,PIN414,2018-05-29,1.5460126631134208
533,PIN414,2018-06-12,1.4477854150407914
534,PIN414,2018-07-10,1.3856275666991171
535,PIN414,2018-07-17,1.468616059415222
536,PIN414,2018-07-24,1.636264099308636
537,PIN414,2018-08-21,2.3876916313586896
538,PIN414,2018-09-04,2.3525376959949984
539,PIN414,2018-09-25,2.125414929966919
540,PIN414,2018-10-02,1.1284231053188103
541,PIN414,2018-10-09,2.2148743149543044
542,PIN414,2018-10-23,1.1904041214950316
543,PIN414,2018-10-30,1.2361551246457267
544,PIN414,2018-11-13,3.2134123748273185
545,PIN414,2018-11-20,0.8273833240544444
546,PIN414,2018-11-27,0.5065863089008116
547,PIN414,2018-12-04,1.1031265223648923
548,PIN414,2018-12-11,1.2184737474049507
549,PIN414,2019-02-12,0.3468631272088418
550,PIN414,2019-02-19,0.4666714938976686
551,PIN414,2019-03-05,0.2250081144276055
552,PIN414,2019-03-12,0.6933606883812133
553,PIN414,2019-03-19,0.7880745550155475
554,PIN414,2019-03-26,0.8634465013417032
555,PIN414,2019-04-02,0.4172233454630867
556,PIN414,2019-04-30,1.407285600193387
557,PIN414,2019-05-07,1.2010104125537153
558,PIN414,2019-05-21,0.7663159063949005
559,PIN414,2019-06-04,1.4531802218954069
560,PIN414,2019-06-25,1.129423106205178
561,PIN414,2019-07-09,1.0505317942376071
562,PIN414,2019-09-03,1.1855264848312481
563,PIN414,2019-09-17,0.9079676362988844
564,PIN414,2019-09-24,0.8730372276461942
565,PIN414,2019-10-01,1.065242827108111
566,PIN414,2019-10-08,1.4676904018428485
567,PIN414,2019-10-22,0.6351486708153575
568,PIN414,2019-10-29,1.2763504841240585
569,PIN414,2019-11-12,1.5471140659414728
570,PIN414,2019-11-26,0.2709779090859523
571,PIN414,2019-12-17,0.6130616971054141
572,PIN414,2019-12-31,0.955295076818918
573,PIN414,2020-01-14,0.4131691815202223
574,PIN414,2020-01-28,1.2906495186756308
575,PIN414,2020-03-03,1.153632035444513
576,PIN414,2020-03-31,0.23727861052840904
577,PIN414,2020-04-14,1.0033120822680275
578,PIN414,2020-04-21,0.9076359080751784
579,PIN414,2020-05-06,1.470842861316532
580,PIN414,2020-05-12,0.6368061240903786
581,PIN414,2020-06-02,0.9142290660650821
582,PIN414,2020-06-09,0.5078951354192016
583,PIN414,2020-07-14,1.1301115252481813
584,PIN414,2020-07-21,1.1020183075730556
585,SEK402,2003-11-25,2.3565730929752844
586,SEK402,2004-01-27,1.199283522116433
587,SEK402,2004-06-22,4.030153695147586
588,SEK402,2004-12-21,0.393904004546753
589,SEK430,2005-04-07,1.563083913333931
590,SEK430,2005-04-12,3.6499823494572943
591,SEK430,2005-04-19,1.7823278525848578
592,SEK430,2005-07-19,6.037261286783888
593,SEK430,2005-09-13,5.117220072699707
594,SEK430,2005-12-06,6.225331356612546
595,SEK430,2006-05-02,5.219322837853193
596,SEK430,2006-06-13,3.369085999881243
597,SEK430,2006-06-27,4.108781545301742
598,SEK430,2006-07-03,4.57002464502799
599,SEK430,2006-07-11,4.275611383087944
600,SEK430,2006-07-18,2.2361904245213062
601,SEK430,2006-09-19,3.4445165313896555
602,SEK430,2007-02-13,2.9251873514522475
603,SEK430,2007-03-13,4.412870366392545
604,SEK430,2007-08-14,5.831803463714127
605,SEK430,2007-09-11,5.535640880882632
606,SEK430,2007-12-24,6.4243394414049515
607,SEK430,2008-05-27,4.985166884506517
608,SEK430,2008-07-15,5.291143389099583
609,SEK430,2008-09-09,3.889977025532398
610,SEK430,2008-09-23,3.0360654228880355
611,SEK430,2008-12-02,3.6786670847249754
612,SEK430,2009-06-09,2.8103330958267763
613,SEK430,2009-06-16,2.931885126790404
614,SEK430,2009-07-07,4.7993583245162545
615,SEK430,2010-07-20,4.3632488580374
616,SEK430,2010-08-31,3.0844155902288257
617,SEK430,2010-11-23,0.972732889683914
618,SEK430,2010-12-14,1.419390192336741
619,SEK430,2010-12-28,0.6248458372600342
620,SEK430,2011-01-11,5.68950516171652
621,SEK430,2011-01-25,1.2949482358133992
622,SEK430,2011-02-15,0.4952601917681777
623,SEK430,2011-05-17,2.059979373008331
624,SEK430,2011-06-21,3.5376495931327008
625,SEK430,2011-07-19,4.085649491047908
626,SEK430,2011-08-02,3.7201356160637538
627,SEK430,2011-08-09,3.6127921750280394
628,SEK430,2011-08-30,3.4275419398376195
629,SEK430,2011-09-20,2.5220643742292395
630,SEK430,2012-02-14,2.3175979464414485
631,SEK430,2012-03-27,1.24157212517145
632,SEK430,2012-04-10,0.5085172523113654
633,SEK430,2012-04-24,2.0844463591746174
634,SEK430,2012-05-22,2.1459905024464487
635,SEK430,2012-08-28,3.477682674208662
636,SEK430,2012-10-09,2.967680550319007
637,SEK430,2012-10-23,2.0521099090950985
638,SEK430,2012-11-27,0.36121737380977326
639,SEK430,2012-12-18,0.3345886890864107
640,SEK430,2013-01-03,0.7359059995476407
641,SEK430,2013-01-29,3.8625465538413177
642,SEK430,2013-02-12,2.4382046818440966
643,SEK430,2013-03-05,1.0730602124790845
644,SEK430,2013-04-09,2.15699109961929
645,SEK430,2013-04-30,1.683972615580362
646,SEK430,2013-06-04,4.598683500219578
647,SEK430,2013-06-25,3.328512384753443
648,SEK430,2013-07-02,1.765027620037519
649,SEK430,2013-08-13,2.9463989536935253
650,SEK430,2013-09-03,4.2975344200598995
651,SEK430,2013-09-24,2.0967669052911186
652,SEK430,2013-10-01,2.674422644170539
653,SEK430,2013-10-29,3.3201046075270852
654,SEK430,2013-11-12,8.54255815934767
655,SEK430,2013-12-23,2.8454704077786133
656,SEK430,2013-12-31,4.071947014652968
657,SEK430,2014-01-21,4.865337257689548
658,SEK430,2014-02-18,5.626753584644085
659,SEK430,2014-03-18,3.0608438047118534
660,SEK430,2014-04-01,1.3646641962857498
661,SEK430,2014-04-08,2.0637147823121733
662,SEK430,2014-04-29,2.4455280523524836
663,SEK430,2014-05-06,1.6778042666362385
664,SEK430,2014-05-13,1.7504474367562843
665,SEK430,2014-05-20,1.8723618617386943
666,SEK430,2014-05-27,2.784167396983221
667,SEK430,2014-06-17,2.937311318001332
668,SEK430,2014-07-01,3.2489686772624062
669,SEK430,2014-07-08,3.4401312058896227
670,SEK430,2014-07-15,4.421473402760867
671,SEK430,2014-07-29,2.924244856574186
672,SEK430,2014-08-12,2.244500155950857
673,SEK430,2014-08-19,2.9002555435134854
674,SEK430,2014-09-02,3.2583962116661733
675,SEK430,2014-09-09,2.838404699596316
676,SEK430,2014-09-16,3.169108214734686
677,SEK430,2014-09-30,2.815646657281239
678,SEK430,2014-10-14,3.3493089520043764
679,SEK430,2014-11-04,9.779856829629688
680,SEK430,2014-11-12,3.761461398261997
681,SEK430,2014-11-18,1.9995686733115638
682,SEK430,2014-11-25,0.621452978292975
683,SEK430,2014-12-16,0.5611485246261613
684,SEK430,2015-01-06,9.820873664137014
685,SEK430,2015-01-13,3.072898574510041
686,SEK430,2015-01-20,1.5493796681096024
687,SEK430,2015-02-10,1.7276429757775889
688,SEK430,2015-02-17,4.7276667212216275
689,SEK430,2015-02-24,1.8634365141720126
690,SEK430,2015-03-10,1.4627064894914312
691,SEK430,2015-03-17,3.1487767997886698
692,SEK430,2015-03-24,2.445031377629563
693,SEK430,2015-04-07,2.1456798323706496
694,SEK430,2015-05-19,2.961866599540187
695,SEK430,2015-06-09,2.23635612455662
696,SEK430,2015-06-16,3.2841249336558676
697,SEK430,2015-06-30,2.7341661144918916
698,SEK430,2015-07-14,2.4761572785713977
699,SEK430,2015-07-21,2.849432754660659
700,SEK430,2015-07-30,3.5541778056059834
701,SEK430,2015-08-18,4.764621987973017
702,SEK430,2015-08-25,2.870277391587852
703,SEK430,2015-09-01,3.3783571650898354
704,SEK430,2015-09-08,2.548822285229055
705,SEK430,2015-09-22,3.1214019006923746
706,SEK430,2015-10-06,4.1647012391237075
707,SEK430,2015-10-27,1.7413766346805168
708,SEK430,2015-11-03,1.6037563358495306
709,SEK430,2015-12-15,1.0188583536233327
710,SEK430,2015-12-22,1.1641470350105088
711,SEK430,2015-12-29,1.007410216664217
712,SEK430,2016-02-09,3.7124301330935823
713,SEK430,2016-02-16,2.445800021655113
714,SEK430,2016-02-23,2.1639575093731445
715,SEK430,2016-03-01,1.036954496910596
716,SEK430,2016-03-22,1.5315856448114697
717,SEK430,2016-03-29,1.5073235564302898
718,SEK430,2016-04-05,0.7536760510281417
719,SEK430,2016-04-12,1.3950257721029158
720,SEK430,2016-05-03,1.0924857490455206
721,SEK430,2016-05-10,2.673195771153312
722,SEK430,2016-06-14,2.2829086876923803
723,SEK430,2016-06-28,2.843526720175788
724,SEK430,2016-07-12,2.7310694796671653
725,SEK430,2016-08-09,3.0033765301528503
726,SEK430,2016-08-16,2.826110754723098
727,SEK430,2016-09-06,3.3286075861544298
728,SEK430,2016-09-13,3.1556512883767462
729,SEK430,2016-10-11,2.6249542995262067
730,SEK430,2016-10-18,3.4635576294695145
731,SEK430,2016-11-08,2.1312504331204924
732,SEK430,2016-11-29,5.672586609648674
733,SEK430,2016-12-06,3.883894252097575
734,SEK430,2016-12-27,1.066108602978596
735,SEK430,2017-01-03,0.11442866583371814
736,SEK430,2017-01-10,0.5556224290167958
737,SEK430,2017-01-17,0.17857301402227277
738,SEK430,2017-01-31,0.210286250247381
739,SEK430,2017-02-14,0.3880471806861677
740,SEK430,2017-02-28,0.9661542458216921
741,SEK430,2017-03-07,3.9834588020981627
742,SEK430,2017-03-28,0.9922186630569877
743,SEK430,2017-05-02,1.4047016703827673
744,SEK430,2017-05-09,2.092826222885922
745,SEK430,2017-06-13,2.3348507132821252
746,SEK430,2017-06-27,3.0915416127599986
747,SEK430,2017-07-03,2.7656583388542058
748,SEK430,2017-07-11,3.066217460336048
749,SEK430,2017-07-18,3.1694527954939
750,SEK430,2017-07-25,2.801872694178378
751,SEK430,2017-08-08,2.581837030683826
752,SEK430,2017-08-22,2.577017686173047
753,SEK430,2017-09-05,2.7071813607135784
754,SEK430,2017-09-12,3.5085418945630944
755,SEK430,2017-09-19,2.1520356513322896
756,SEK430,2017-09-26,1.7401519548307895
757,SEK430,2017-10-03,2.158490798089042
758,SEK430,2017-10-10,2.5043406494132165
759,SEK430,2017-10-17,3.3197096972201154
760,SEK430,2017-10-24,2.390414623610957
761,SEK430,2017-11-14,1.4205797789987638
762,SEK430,2017-11-28,3.6235247355528224
763,SEK430,2017-12-12,5.890199476897518
764,SEK430,2018-02-06,4.917550767066477
765,SEK430,2018-03-13,0.4775551693727832
766,SEK430,2018-04-03,1.5430275292906939
767,SEK430,2018-04-24,2.197113770708956
768,SEK430,2018-05-01,2.179443577021791
769,SEK430,2018-05-08,2.40381195359199
770,SEK430,2018-05-29,2.4141791143617013
771,SEK430,2018-06-05,2.9364214866754534
772,SEK430,2018-06-26,3.0587478641285415
773,SEK430,2018-07-03,3.221327806569995
774,SEK430,2018-07-17,3.0113662289492447
775,SEK430,2018-07-31,3.265366822066722
776,SEK430,2018-08-07,3.693280075249447
777,SEK430,2018-09-04,3.0733978395243793
778,SEK430,2018-09-25,2.5454546221770475
779,SEK430,2018-10-09,3.3734918157545866
780,SEK430,2018-10-30,3.1279306841783447
781,SEK430,2018-12-04,2.0534720812592253
782,SEK430,2019-02-12,0.09259685216949842
783,SEK430,2019-02-19,0.9579111679766881
784,SEK430,2019-03-05,0.38564821709148667
785,SEK430,2019-03-19,1.2194790733971765
786,SEK430,2019-04-02,0.9915933159191497
787,SEK430,2019-04-09,1.0667624341022406
788,SEK430,2019-05-28,1.690870082097844
789,SEK430,2019-06-18,2.8030550706255024
790,SEK430,2019-07-02,2.5442126034346906
791,SEK430,2019-07-23,2.3304950315095785
792,SEK430,2019-07-30,3.1912232564451464
793,SEK430,2019-08-06,2.4679349583897157
794,SEK430,2019-09-10,1.665959580640056
795,SEK430,2019-09-24,2.0815685583409014
796,SEK430,2019-10-22,2.399189327325978
797,SEK430,2019-11-05,2.786818408745324
798,SEK430,2019-11-12,4.260597696208875
799,SEK430,2019-11-19,2.794435746486429
800,SEK430,2019-12-10,0.3254555429355084
801,SEK430,2019-12-17,0.13711416964759104
802,SEK430,2020-01-07,2.7268241952499648
803,SEK430,2020-01-21,2.9254745344722757
804,SEK430,2020-02-04,2.605951474963895
805,SEK430,2020-02-18,1.6553282060224301
806,SEK430,2020-03-10,1.2090285490800532
807,SEK430,2020-03-17,0.49349845452709695
808,SEK430,2020-04-21,1.8874042826321402
809,SEK430,2020-04-28,1.5154106834748744
810,SEK430,2020-05-12,0.9569261692976461
811,SEK430,2020-06-09,1.1748481573644027
812,SEK430,2020-07-07,2.4821471797726677
813,YOS404,2003-09-23,2.209818287006885
814,YOS404,2003-12-22,0.1209846259273033
815,YOS404,2004-06-09,1.869506738214969
816,YOS404,2004-07-13,2.437679976867771
817,YOS404,2004-07-20,2.029522183307102
818,YOS404,2004-08-17,2.5587507772480635
819,YOS404,2004-09-02,1.5040730649002163
820,YOS404,2005-01-05,0.10044645104880123
821,YOS404,2005-06-14,1.8243784270710486
822,YOS404,2005-06-23,2.656172103590114
823,YOS404,2005-08-10,2.298281569268692
824,YOS404,2006-02-21,0.27541496099539176
825,YOS404,2006-04-25,1.4123311075853604
826,YOS404,2006-11-21,1.1514209430531237
827,YOS404,2007-05-29,1.9343233477428445
828,YOS404,2007-12-31,0.07191850461091498
829,YOS404,2008-06-24,4.168009908559437
830,YOS404,2009-12-15,-0.06769913533073257
831,YOS404,2010-11-24,0.12357347824299225
832,YOS404,2010-12-14,0.03832298436649273
833,YOS404,2011-02-22,0.5284079682868924
834,YOS404,2011-05-31,0.49464906090226246
835,YOS404,2011-08-31,2.1742979957592854
836,YOS404,2011-10-04,0.48659800001548503
837,YOS404,2011-10-11,0.27323458083245633
838,YOS404,2012-02-28,0.3812191194480905
839,YOS404,2012-03-07,0.9428724448211696
840,YOS404,2012-03-13,0.26969599581786663
841,YOS404,2012-12-11,0.2274965798006774
842,YOS404,2013-07-23,1.8612206212198932
843,YOS404,2013-07-30,1.6749770454980373
844,YOS404,2013-08-13,0.8079883253533875
845,YOS404,2013-09-03,1.7386855141149669
846,YOS404,2013-09-10,1.8685530551978284
847,YOS404,2013-10-17,0.6708472659295022
848,YOS404,2013-11-12,2.197066443431007
849,YOS404,2013-12-04,0.7716841232597634
850,YOS404,2014-02-11,0.15144058092474189
851,YOS404,2014-04-15,0.8405028724336078
852,YOS404,2014-04-22,0.2805578007901617
853,YOS404,2014-05-06,0.7198659452309683
854,YOS404,2014-06-24,0.6743021806081024
855,YOS404,2014-07-01,1.316574064548135
856,YOS404,2014-08-12,1.3601993822298273
857,YOS404,2014-08-19,1.607660329969213
858,YOS404,2014-09-09,1.5528068190805322
859,YOS404,2014-09-23,0.9573879597604321
860,YOS404,2014-09-30,0.8927418250683302
861,YOS404,2014-10-07,0.7996010813764148
862,YOS404,2014-10-14,1.3357779757602166
863,YOS404,2014-10-21,0.8780057481584316
864,YOS404,2014-11-04,1.1869049241842011
865,YOS404,2014-12-09,0.0939400839135327
866,YOS404,2015-02-17,0.4988552976134204
867,YOS404,2015-02-24,0.4759072163196896
868,YOS404,2015-03-03,0.4532058264715
869,YOS404,2015-03-10,0.545112961214716
870,YOS404,2015-03-17,0.5490117071383538
871,YOS404,2015-04-08,0.7223112179552822
872,YOS404,2015-04-21,0.8408122777219459
873,YOS404,2015-04-28,1.2523460150283863
874,YOS404,2015-05-05,1.5778362262556036
875,YOS404,2015-05-12,1.1475796254813952
876,YOS404,2015-05-19,1.3464546989657726
877,YOS404,2015-06-02,0.7845403374950812
878,YOS404,2015-06-16,0.8878230716963733
879,YOS404,2015-06-23,1.5524558086641622
880,YOS404,2015-07-21,1.0856374008173284
881,YOS404,2015-09-08,1.947481971839034
882,YOS404,2015-09-22,1.4831379421468416
883,YOS404,2015-09-29,1.6489569216242277
884,YOS404,2015-10-27,0.2950287527488926
885,YOS404,2015-11-03,0.5084993482681676
886,YOS404,2015-11-10,0.09641792552254724
887,YOS404,2015-11-17,0.2032855143086305
888,YOS404,2015-12-01,0.2574377961367782
889,YOS404,2015-12-15,0.007939312254051867
890,YOS404,2015-12-22,0.14841328129530185
891,YOS404,2015-12-29,0.1955603072225851
892,YOS404,2016-01-26,-0.011348371012357639
893,YOS404,2016-03-01,0.07004439857803169
894,YOS404,2016-04-26,0.477744865291984
895,YOS404,2016-05-10,0.8851721891528841
896,YOS404,2016-05-31,0.8595689152959818
897,YOS404,2016-06-07,0.9467214209446431
898,YOS404,2016-06-14,0.6449755190271289
899,YOS404,2016-07-05,0.6988597906369263
900,YOS404,2016-07-12,1.209504483861038
901,YOS404,2016-07-19,0.8526508117089894
902,YOS404,2016-08-02,1.3386507157270933
903,YOS404,2016-08-09,1.6410108860597747
904,YOS404,2016-08-30,1.4892490907835827
905,YOS404,2016-09-06,1.7271756592281793
906,YOS404,2016-10-04,0.6031297660929421
907,YOS404,2016-10-11,0.4676717967211226
908,YOS404,2016-10-18,0.7154628035043143
909,YOS404,2016-11-02,0.2318037164940281
910,YOS404,2016-11-15,0.35481562547309586
911,YOS404,2016-11-29,0.0670021255802895
912,YOS404,2016-12-20,0.02094893040246748
913,YOS404,2017-01-03,0.0472698075489435
914,YOS404,2017-01-10,0.029639244332114956
915,YOS404,2017-01-17,0.06448993673078762
916,YOS404,2017-02-07,-0.04974111992883112
917,YOS404,2017-02-14,0.08538048015071142
918,YOS404,2017-03-21,0.14770474139960954
919,YOS404,2017-03-28,0.37634816400556215
920,YOS404,2017-04-04,0.43333621315255
921,YOS404,2017-05-09,1.185348275041535
922,YOS404,2017-05-24,1.2405575163143525
923,YOS404,2017-06-06,0.5152119039457482
924,YOS404,2017-06-13,0.5964399031436282
925,YOS404,2017-06-27,1.470479482819469
926,YOS404,2017-07-05,1.0985966965079101
927,YOS404,2017-07-11,1.1141704052373944
928,YOS404,2017-08-01,1.1916860723407956
929,YOS404,2017-08-08,1.5970713386957778
930,YOS404,2017-09-05,2.6046363125424836
931,YOS404,2017-09-19,0.7957858892594559
932,YOS404,2017-09-26,0.8348580553603971
933,YOS404,2017-10-24,0.6711008446783737
934,YOS404,2017-10-31,1.1635125427498598
935,YOS404,2017-11-07,0.3113305181789403
936,YOS404,2017-12-05,-0.07821720684918732
937,YOS404,2018-02-06,0.36813610874335545
938,YOS404,2018-02-20,0.6900688605310557
939,YOS404,2018-03-13,0.3080517676076986
940,YOS404,2018-03-27,0.4930824274940717
941,YOS404,2018-04-03,0.4469872275119773
942,YOS404,2018-05-01,1.156374834901574
943,YOS404,2018-05-22,0.8073148034519093
944,YOS404,2018-06-05,0.9610636333189795
945,YOS404,2018-06-12,1.2430202397747554
946,YOS404,2018-06-26,1.441461536683829
947,YOS404,2018-07-10,3.094874764402512
948,YOS404,2018-07-17,4.340629065457725
949,YOS404,2018-08-01,5.216843112037887
950,YOS404,2018-08-08,3.6619165004144416
951,YOS404,2018-08-14,1.474863165429046
952,YOS404,2018-10-30,0.6779551138580773
953,YOS404,2018-11-06,1.3817440326035961
954,YOS404,2018-11-13,0.9346017600365064
955,YOS404,2018-11-20,0.3222910517145714
956,YOS404,2018-11-27,0.030753918781879275
957,YOS404,2019-02-12,0.07164646129236041
958,YOS404,2019-02-26,0.12054247948503094
959,YOS404,2019-04-02,0.3201406629639689
960,YOS404,2019-04-09,0.3070358515569851
961,YOS404,2019-04-16,0.40039200716085355
962,YOS404,2019-04-30,1.509769363851229
963,YOS404,2019-05-07,0.9375983627221055
964,YOS404,2019-05-22,0.44637635242257945
965,YOS404,2019-06-18,1.146233863832243
966,YOS404,2019-06-25,0.8164199417619559
967,YOS404,2019-07-09,0.711749675204056
968,YOS404,2019-07-30,1.6159920014980762
969,YOS404,2019-08-06,1.2878630644311821
970,YOS404,2019-08-13,1.5447715473522237
971,YOS404,2019-08-20,1.409793285955022
972,YOS404,2019-09-03,1.1757592743749252
973,YOS404,2019-09-10,0.7395652778883116
974,YOS404,2019-09-24,1.0568867373754975
975,YOS404,2019-10-01,0.8149276072550793
976,YOS404,2019-10-15,0.579172336197546
977,YOS404,2019-10-22,1.0142791163495555
978,YOS404,2019-11-05,0.5258855117281385
979,YOS404,2019-11-12,0.6899412535246514
980,YOS404,2019-12-03,0.0402468245647003
981,YOS404,2019-12-10,0.08328849383130632
982,YOS404,2019-12-24,0.24472385840589217
983,YOS404,2019-12-31,0.18842439891774343
984,YOS404,2020-01-07,0.22876117533399132
985,YOS404,2020-01-21,0.22786791110751037
986,YOS404,2020-02-04,0.6020333274741817
987,YOS404,2020-02-25,0.6120768623200638
988,YOS404,2020-03-17,0.18826321228256582
989,YOS404,2020-04-14,0.3973631705331646
990,YOS404,2020-04-28,0.4850176419363099
991,YOS404,2020-05-05,1.0526158569453377
992,YOS404,2020-05-12,0.38820417695828113
993,YOS404,2020-05-26,0.7192920634305311
994,YOS404,2020-06-16,0.9273001436005521
995,YOS404,2020-06-23,1.2159935158617061
